北京,重庆,长春,赤峰,大连,福州,桂林,赣州,贵阳,杭州,哈尔滨,上海,黄山,黄岩,景德镇,晋江,嘉峪关,昆明,林芝,连云港,泸州,兰州,柳州,南充,南通,南宁,太原,天津,威海,万州,武夷山,西宁,厦门,徐州,金华,烟台,银川,运城,延边,榆林,深圳,包头,北海,长沙,常州,长治,成都,大理,大同,大庆,广州,桂林,合肥,呼和浩特,海口,景洪,九寨沟,井冈山,济南,丽江,洛阳,芒市,满洲里,绵阳,牡丹江,拉萨,临沂,南昌,南京,宁波,南阳,齐齐哈尔,青岛,沈阳,腾冲,无锡,武汉,乌鲁木齐,西安,襄阳,宜宾,延安,盐城,宜昌,舟山,湛江,张家界,郑州,三亚,珠海
阿尔山,百色,北京,北京,北京,北京,北海,北京,北海,阿克苏,北京,安庆,北京,北京,北京,北京,北京,保山,成都,北京,北京,北京,北京,北京,北京,包头,大连,包头,北京,北京,北京,北京,包头,北京,北京,北京,大连,北京,北京,北京,包头,成都,北京,北海,大连,北京,包头,北京,北京,北京,安庆,青岛,北京,阿尔山,北京,北京,北京,北京,北海,北京,北京,北京,北京,北京,北京,阿里,北京,北京,包头,北京,北京,北京,北京,包头,北京,广州,北海,阿克苏,巴彦淖尔,北京,北京,北京,北京,海口,北京,北京,北京,包头,包头,北京
北海,北京,长白山,成都,长春,长春,成都,成都,长沙,北海,长沙,北京,成都,成都,成都,长沙,成都,长春,重庆,成都,上海,长沙,广州,上海,长沙,长沙,包头,长春,长春,广州,广州,大连,长春,长沙,长沙,长春,鄂尔多斯,成都,长白山,哈尔滨,长春,广州,广州,长春,广州,大同,北海,腾冲,长治,成都,包头,三亚,长春,巴彦淖尔,长沙,成都,昆明,广州,长春,大连,成都,上海,哈尔滨,济南,大连,北京,长沙,成都,长春,长沙,上海,广州,长春,长沙,上海,昆明,长春,北京,长春,广州,广州,上海,长沙,昆明,广州,上海,长沙,长春,长春,长沙
重庆,长春,大连,大连,东营,大连,福州,广州,大连,长春,大连,大庆,广州,广州,上海,广州,上海,大理,拉萨,大连,昆明,福州,昆明,广州,武汉,大连,长春,大连,洛阳,昆明,济南,鄂尔多斯,大连,哈尔滨,广州,大连,福州,海口,上海,昆明,达州,海口,海口,大连,哈尔滨,广州,长春,重庆,广州,大连,长春,太原,大连,长春,鄂尔多斯,大理,重庆,成都,大连,广州,大连,成都,呼和浩特,兰州,广州,迪庆,海口,赣州,大连,广州,广州,上海,大连,大连,广州,兰州,大连,长春,大连,上海,宜昌,广州,昆明,三亚,厦门,广州,上海,大连,大连,贵阳
赤峰,大理,鄂尔多斯,上海,鄂尔多斯,广州,海口,上海,鄂尔多斯,大连,鄂尔多斯,恩施,上海,上海,厦门,郑州,西安,鄂尔多斯,,西安,广州,广州,三亚,深圳,厦门,福州,鄂尔多斯,常州,上海,西安,青岛,济南,鄂尔多斯,三亚,揭阳,广州,固原,南京,烟台,北京,鄂尔多斯,南京,济南,鄂尔多斯,三亚,北京,长治,成都,北京,海拉尔,达州,温州,福州,大连,赣州,郑州,成都,深圳,鄂尔多斯,绵阳,海口,广州,鄂尔多斯,三亚,哈尔滨,福州,昆明,哈尔滨,鄂尔多斯,哈尔滨,杭州,青岛,广州,鄂尔多斯,深圳,深圳,鄂尔多斯,敦煌,鄂尔多斯,西安,上海,重庆,广州,唐山,泉州,海口,南京,鄂尔多斯,鄂尔多斯,济南
朝阳,鄂尔多斯,福州,鄂尔多斯,福州,哈尔滨,济南,海口,广州,鄂尔多斯,福州,福州,西安,武汉,深圳,南昌,兰州,福州,,三亚,上海,海口,温州,,北京,赣州,福州,福州,太原,上海,上海,昆明,福州,武汉,深圳,哈尔滨,杭州,三亚,大连,太原,福州,三亚,昆明,福州,厦门,太原,大庆,昆明,太原,青岛,鄂尔多斯,西安,赣州,福州,哈尔滨,丽江,上海,厦门,福州,腾冲,广州,昆明,,西安,上海,广州,丽江,济南,福州,昆明,成都,,哈尔滨,福州,重庆,西安,杭州,福州,福州,北京,昆明,西安,上海,武汉,上海,深圳,天津,福州,郑州,三亚
大连,福州,广州,呼和浩特,广州,济南,南京,济南,哈尔滨,广元,合肥,广州,重庆,重庆,广州,上海,,广州,,温州,贵阳,济南,西安,,成都,哈尔滨,广州,广州,广州,厦门,厦门,拉萨,赣州,厦门,成都,济南,昆明,太原,长春,银川,赣州,石家庄,重庆,广州,北京,重庆,鄂尔多斯,广州,西安,上海,福州,郑州,哈尔滨,广州,济南,迪庆,广州,上海,赣州,西安,上海,,,郑州,天津,昌都,温州,昆明,广州,南昌,郑州,,鸡西,广州,昆明,张家界,广州,广州,格尔木,武汉,深圳,,南通,深圳,,广州,重庆,广州,广州,温州
达州,广州,海口,沈阳,哈尔滨,昆明,北京,南昌,济南,哈尔滨,常州,哈尔滨,深圳,深圳,,昆明,,哈尔滨,,北京,深圳,昆明,青岛,,深圳,济南,哈尔滨,哈尔滨,哈尔滨,南京,,绵阳,哈尔滨,重庆,郑州,昆明,青岛,广州,上海,西安,哈尔滨,银川,长沙,哈尔滨,长沙,成都,格尔木,西双版纳,重庆,杭州,赣州,兰州,济南,哈尔滨,兰州,重庆,西安,,哈尔滨,长沙,天津,,,广州,威海,兰州,北京,兰州,哈尔滨,青岛,深圳,,昆明,哈尔滨,丽江,贵阳,哈尔滨,海口,哈尔滨,上海,西安,,,成都,,,沈阳,哈尔滨,哈尔滨,南宁
二连浩特,哈尔滨,三亚,天津,鸡西,拉萨,沈阳,上海,兰州,济南,沈阳,黄山,厦门,昆明,,杭州,,合肥,,福州,,拉萨,长沙,,天津,昆明,济南,鸡西,南京,,,三亚,淮安,广州,昆明,牡丹江,三亚,重庆,广州,天津,黄山,北京,贵阳,济南,海口,天津,哈尔滨,,天津,西安,哈尔滨,上海,昆明,南昌,南昌,昆明,,,揭阳,上海,威海,,,九寨沟,烟台,西安,成都,南京,揭阳,三亚,,,兰州,济南,大理,北京,济南,郑州,汉中,重庆,,,,广州,,,成都,济南,济南,海口
福州,淮安,太原,重庆,乌鲁木齐,南昌,广州,合肥,南昌,兰州,烟台,淮安,合肥,青岛,,成都,,连云港,,广州,,南昌,海口,,广州,郑州,昆明,兰州,上海,,,南京,济南,成都,乌鲁木齐,南京,乌鲁木齐,武汉,杭州,上海,济南,深圳,杭州,兰州,深圳,上海,杭州,,,广州,怀化,天津,三亚,三亚,青岛,上海,,,喀什,杭州,杭州,,,丽江,上海,上海,杭州,三亚,兰州,重庆,,,牡丹江,昆明,西双版纳,长沙,厦门,济南,呼和浩特,海口,,,,上海,,,上海,杭州,昆明,常州
广州,济南,威海,,丽江,青岛,杭州,厦门,青岛,南宁,郑州,济南,,,,贵阳,,深圳,,厦门,,三亚,南昌,,昆明,三亚,南昌,漠河,济南,,,长沙,昆明,海口,厦门,上海,西安,厦门,青岛,,昆明,太原,上海,南京,重庆,,呼和浩特,,,,济南,无锡,温州,沈阳,上海,腾冲,,,兰州,临沂,厦门,,,上海,南京,昆明,三亚,太原,绵阳,济南,,,南昌,兰州,成都,沈阳,兰州,喀什,济南,深圳,,,,西安,,,宁波,南昌,兰州,西安
哈尔滨,昆明,南京,,洛阳,三亚,揭阳,南宁,三亚,三亚,黑河,嘉峪关,,,,重庆,,乌鲁木齐,,上海,,张掖,上海,,重庆,太原,三亚,南昌,昆明,,,格尔木,洛阳,上海,重庆,长沙,烟台,上海,沈阳,,兰州,南宁,温州,合肥,北京,,晋江,,,,景德镇,厦门,西安,太原,太原,,,,南昌,重庆,深圳,,,西宁,青岛,成都,西安,郑州,南昌,成都,,,齐齐哈尔,南昌,,厦门,南京,昆明,昆明,,,,,宜宾,,,无锡,三亚,南昌,重庆
黄岩,拉萨,石家庄,,南昌,西安,南宁,深圳,太原,太原,成都,九江,,,,南京,,厦门,,武汉,,乌鲁木齐,武汉,,,温州,威海,青岛,牡丹江,,,杭州,南昌,连云港,,沈阳,郑州,贵阳,,,绵阳,上海,成都,三亚,成都,,揭阳,,,,喀什,银川,和田,温州,温州,,,,三亚,西双版纳,昆明,,,贵阳,,林芝,重庆,乌鲁木齐,三亚,贵阳,,,三亚,三亚,,重庆,三亚,那拉提,拉萨,,,,,重庆,,,石家庄,太原,青岛,上海
海口,洛阳,长沙,,青岛,银川,深圳,,温州,乌鲁木齐,石家庄,昆明,,,,上海,,宜昌,,沈阳,,绵阳,厦门,,,西安,西安,三亚,沈阳,,,乌鲁木齐,青岛,南宁,,贵阳,包头,深圳,,,南阳,西安,桂林,石家庄,昆明,,九寨沟,,,,拉萨,上海,长沙,武汉,西安,,,,威海,成都,重庆,,,昆明,,西宁,大连,呼和浩特,万州,海口,,,台州,威海,,桂林,台州,青岛,连云港,,,,,贵阳,,,广州,温州,上海,梧州
鸡西,南昌,西安,,三亚,深圳,石家庄,,西安,西安,伊春,丽江,,,,济南,,济南,,昆明,,北京,成都,,,兰州,烟台,杭州,,,,西安,三亚,贵阳,,杭州,长沙,福州,,,青岛,郑州,郑州,太原,沈阳,,库尔勒,,,,泸州,重庆,深圳,西安,运城,,,,西安,深圳,呼和浩特,,,南京,,重庆,广州,青岛,西安,连云港,,,温州,西安,,北京,温州,三亚,绵阳,,,,,上海,,,深圳,西安,太原,天津
揭阳,黔江,烟台,,太原,长沙,贵阳,,烟台,烟台,重庆,绵阳,,,,天津,,拉萨,,宁波,,成都,杭州,,,北京,郑州,温州,,,,银川,郑州,大连,,锦州,深圳,天津,,,三亚,北京,深圳,温州,珠海,,昆明,,,,芒市,武汉,郑州,烟台,湛江,,,,郑州,昆明,,,,上海,,,宁波,广州,烟台,西安,,,延边,烟台,,成都,西安,上海,南昌,,,,,南京,,,青岛,金华,温州,杭州
嘉峪关,三亚,郑州,,威海,郑州,合肥,,郑州,郑州,广州,青岛,,,,武汉,,柳州,,徐州,,西安,南京,,,成都,大同,西安,,,,郑州,万州,杭州,,西安,广州,上海,,,台州,沈阳,武汉,西安,,,柳州,,,,南昌,,广州,郑州,大连,,,,北京,南京,,,,深圳,,,上海,海口,张家界,天津,,,张家界,张家界,,大连,烟台,塔城,青岛,,,,,北京,,,西安,北海,西安,成都
昆明,台州,济南,,西安,贵阳,昆明,,北京,桂林,海口,长沙,,,,西安,,芒市,,深圳,,贵阳,上海,,,南昌,北京,烟台,,,,上海,西安,深圳,,延边,呼和浩特,,,,温州,天津,,烟台,,,芒市,,,,常德,,海口,赤峰,成都,,,,长沙,厦门,,,,,,,厦门,揭阳,北京,深圳,,,合肥,青岛,,武汉,深圳,太原,深圳,,,,,,,,,长沙,宜昌,厦门
泸州,潍坊,杭州,,烟台,海口,宁波,,成都,北京,呼和浩特,赤峰,,,,舟山,,南昌,,,,杭州,深圳,,,沈阳,长沙,张家界,,,,沈阳,烟台,昆明,,重庆,南京,,,,金华,乌鲁木齐,,张家界,,,南昌,,,,大庆,,太原,北京,恩施,,,,桂林,,,,,,,,,福州,长沙,揭阳,,,长沙,北京,,,重庆,伊宁,三亚,,,,,,,,,昆明,福州,昆明
连云港,西安,上海,,郑州,合肥,,,深圳,长沙,鸡西,大同,,,,南宁,,普洱,,,,嘉峪关,重庆,,,广州,合肥,南通,,,,成都,无锡,福州,,上海,太原,,,,重庆,上海,,北京,,,宁波,,,,广州,,南昌,长沙,广州,,,,合肥,,,,,,,,,柳州,沈阳,大连,,,大庆,常州,,,秦皇岛,阿勒泰,太原,,,,,,,,,兰州,北京,上海
满洲里,徐州,天津,,银川,乌鲁木齐,,,梧州,大庆,满洲里,鄂尔多斯,,,,深圳,,黔江,,,,太原,,,,海口,深圳,长沙,,,,广州,连云港,,,朝阳,上海,,,,襄阳,厦门,,常州,,,日喀则,,,,台州,,上海,鄂尔多斯,杭州,,,,深圳,,,,,,,,,南宁,乌鲁木齐,桂林,,,贵阳,合肥,,,北京,博乐,乌鲁木齐,,,,,,,,,绵阳,长沙,武汉
南京,烟台,乌鲁木齐,,合肥,兰州,,,桂林,柳州,南昌,阜阳,,,,,,三亚,,,,深圳,,,,揭阳,贵阳,大同,,,,合肥,深圳,,,成都,武汉,,,,沈阳,,,深圳,,,上海,,,,杭州,,乌鲁木齐,济南,揭阳,,,,广州,,,,,,,,,上海,呼和浩特,淮安,,,海口,深圳,,,成都,长沙,万州,,,,,,,,,贵阳,大庆,
南昌,张家界,青岛,,长沙,南京,,,海口,广州,三亚,锦州,,,,,,台州,,,,南京,,,,深圳,海口,成都,,,,武汉,太原,,,天津,西宁,,,,西安,,,银川,,,台州,,,,万州,,西宁,昆明,临沂,,,,海口,,,,,,,,,天津,贵阳,临沂,,,佳木斯,乌鲁木齐,,,宁波,鄂尔多斯,西宁,,,,,,,,,哈密,沈阳,
青岛,南通,呼和浩特,,成都,太原,,,晋江,海口,太原,揭阳,,,,,,万州,,,,上海,,,,重庆,揭阳,阜阳,,,,厦门,北京,,,呼和浩特,榆林,,,,烟台,,,青岛,,,温州,,,,无锡,,黄山,海口,南京,,,,晋江,,,,,,,,,西安,海口,厦门,,,宁波,贵阳,,,恩施,呼和浩特,烟台,,,,,,,,,揭阳,重庆,
上海,金华,成都,,揭阳,上海,,,黎平,揭阳,威海,洛阳,,,,,,西安,,,,郑州,,,,上海,武汉,贵阳,,,,玉树,长沙,,,太原,北京,,,,湛江,,,贵阳,,,西宁,,,,西安,,成都,南京,沈阳,,,,昆明,,,,,,,,,深圳,晋江,武汉,,,柳州,海口,,,呼和浩特,贵阳,宜昌,,,,,,,,,合肥,贵阳,
武汉,西双版纳,厦门,,杭州,厦门,,,南京,丽江,西安,牡丹江,,,,,,烟台,,,,无锡,,,,天津,南京,海口,,,,重庆,桂林,,,厦门,成都,,,,北海,,,海口,,,厦门,,,,烟台,,天津,上海,上海,,,,武汉,,,,,,,,,大连,丽江,沈阳,,,深圳,济宁,,,贵阳,杭州,中卫,,,,,,,,,南京,杭州,
襄阳,深圳,延边,,贵阳,合肥,,,福州,南阳,青岛,宁波,,,,,,昭通,,,,青岛,,,,乌鲁木齐,上海,揭阳,,,,深圳,杭州,,,银川,沈阳,,,,长沙,,,揭阳,,,烟台,,,,金华,,重庆,石家庄,天津,,,,南宁,,,,,,,,,贵阳,牡丹江,,,,南京,太原,,,海口,大连,张家界,,,,,,,,,上海,佳木斯,
烟台,宁波,重庆,,海口,沈阳,,,上海,深圳,贵阳,泉州,,,,,,腾冲,,,,敦煌,,,,厦门,温州,洛阳,,,,,阜阳,,,武汉,桂林,,,,大连,,,丽江,,,西昌,,,,襄阳,,桂林,天津,武汉,,,,上海,,,,,,,,,合肥,南宁,,,,沈阳,连云港,,,济宁,嘉峪关,包头,,,,,,,,,天津,柳州,
通辽,北海,昆明,,济南,成都,,,天津,天津,海拉尔,三亚,,,,,,北海,,,,鄂尔多斯,,,,青岛,厦门,牡丹江,,,,,广州,,,深圳,济南,,,,常州,,,南宁,,,珠海,,,,盐城,,邯郸,乌海,厦门,,,,温州,,,,,,,,,晋江,上海,,,,上海,南京,,,襄阳,克拉玛依,长沙,,,,,,,,,乌鲁木齐,连云港,
鞍山,常州,合肥,,无锡,重庆,,,乌鲁木齐,武汉,武汉,太原,,,,,,长沙,,,,厦门,,,,桂林,银川,南京,,,,,海口,,,,南宁,,,,合肥,,,呼和浩特,,,运城,,,,温州,,兰州,乌鲁木齐,徐州,,,,西宁,,,,,,,,,重庆,威海,,,,太原,上海,,,连云港,重庆,大庆,,,,,,,,,西宁,南京,
佳木斯,长沙,深圳,,连云港,桂林,,,厦门,西宁,济南,潍坊,,,,,,大连,,,,桂林,,,,合肥,重庆,太原,,,,,黄山,,,,天津,,,,贵阳,,,上海,,,北京,,,,上海,,南宁,锡林浩特,郑州,,,,重庆,,,,,,,,,沈阳,西宁,,,,乌鲁木齐,温州,,,南宁,南昌,贵阳,,,,,,,,,银川,绵阳,
兰州,大连,通辽,,朝阳,杭州,,,宜昌,延边,漠河,乌鲁木齐,,,,,,常州,,,,合肥,,,,南京,成都,上海,,,,,井冈山,,,,上海,,,,海口,,,徐州,,,长沙,,,,腾冲,,上海,银川,桂林,,,,太原,,,,,,,,,宁波,宜昌,,,,银川,西宁,,,上海,温州,阜阳,,,,,,,,,北京,上海,
南阳,赤峰,武汉,,南京,呼和浩特,,,重庆,重庆,南京,襄阳,,,,,,南通,,,,金昌,,,,石家庄,长治,合肥,,,,,兰州,,,,石家庄,,,,景德镇,,,天津,,,常州,,,,南宁,,青岛,杭州,呼和浩特,,,,成都,,,,,,,,,上海,郑州,,,,郑州,延边,,,太原,厦门,固原,,,,,,,,,成都,唐山,
宁波,东营,,,沈阳,武汉,,,泸州,石家庄,上海,徐州,,,,,,贵阳,,,,天津,,,,贵阳,呼和浩特,乌海,,,,,合肥,,,,厦门,,,,晋江,,,乌鲁木齐,,,大连,,,,连云港,,厦门,北京,福州,,,,绵阳,,,,,,,,,温州,运城,,,,呼和浩特,郑州,,,乌鲁木齐,深圳,海口,,,,,,,,,青岛,乌鲁木齐,
腾冲,贵阳,,,上海,龙岩,,,宁波,北京,天津,龙岩,,,,,,海口,,,,沈阳,,,,杭州,沈阳,厦门,,,,,南京,,,,重庆,,,,泸州,,,西宁,,,福州,,,,揭阳,,,成都,贵阳,,,,呼和浩特,,,,,,,,,厦门,成都,,,,成都,赤峰,,,西宁,西安,杭州,,,,,,,,,沈阳,西宁,
万州,海口,,,天津,南宁,,,沈阳,成都,温州,南阳,,,,,,呼和浩特,,,,南宁,,,,晋江,桂林,银川,,,,,衢州,,,,,,,,丽江,,,盐城,,,广州,,,,湛江,,,二连浩特,合肥,,,,沈阳,,,,,,,,,,石家庄,,,,丹东,成都,,,宜昌,天津,淮安,,,,,,,,,南阳,银川,
锡林浩特,黄山,,,潍坊,天津,,,武汉,敦煌,厦门,重庆,,,,,,临沧,,,,上海,,,,武汉,杭州,郑州,,,,,上海,,,,,,,,南昌,,,郑州,,,桂林,,,,北京,,,洛阳,昆明,,,,贵阳,,,,,,,,,,武汉,,,,桂林,呼和浩特,,,沈阳,金华,嘉峪关,,,,,,,,,桂林,北京,
盐城,济宁,,,西宁,上海,,,徐州,洛阳,宁波,长治,,,,,,沈阳,,,,重庆,,,,珠海,兰州,宁波,,,,,重庆,,,,,,,,宁波,,,北京,,,黄山,,,,安顺,,,满洲里,柳州,,,,杭州,,,,,,,,,,昆明,,,,杭州,石家庄,,,珠海,包头,晋江,,,,,,,,,海口,常州,
延边,合肥,,,延边,徐州,,,杭州,贵阳,杭州,大连,,,,,,无锡,,,,武汉,,,,上海,运城,长治,,,,,温州,,,,,,,,衢州,,,成都,,,济南,,,,保山,,,海拉尔,南宁,,,,烟台,,,,,,,,,,桂林,,,,揭阳,无锡,,,青岛,库尔勒,兰州,,,,,,,,,晋江,成都,
遵义,兰州,,,重庆,呼和浩特,,,绵阳,呼和浩特,昆明,赣州,,,,,,兴义,,,,,,,,银川,南宁,鄂尔多斯,,,,,西宁,,,,,,,,上海,,,沈阳,,,井冈山,,,,长沙,,,青岛,石家庄,,,,银川,,,,,,,,,,邯郸,,,,武夷山,桂林,,,北京,成都,临沂,,,,,,,,,呼和浩特,石家庄,
长治,临沂,,,呼和浩特,,,,荔波,晋江,佳木斯,武夷山,,,,,,金华,,,,,,,,梧州,上海,赤峰,,,,,金华,,,,,,,,太原,,,永州,,,景德镇,,,,大理,,,上海,深圳,,,,武夷山,,,,,,,,,,天津,,,,福州,杭州,,,晋江,哈密,金昌,,,,,,,,,南宁,珠海,
长春,南京,,,常州,,,,南宁,临沂,牡丹江,呼和浩特,,,,,,济宁,,,,,,,,徐州,乌鲁木齐,昆明,,,,,武汉,,,,,,,,乌鲁木齐,,,柳州,,,喀什,,,,恩施,,,深圳,洛阳,,,,宁波,,,,,,,,,,柳州,,,,西安,宁波,,,运城,和田,南京,,,,,,,,,上海,桂林,
成都,青岛,,,赤峰,,,,昆明,福州,南宁,海拉尔,,,,,,兰州,,,,,,,,,青岛,桂林,,,,,临沂,,,,,,,,银川,,,宁波,,,林芝,,,,阜阳,,,通辽,宁波,,,,上海,,,,,,,,,,青岛,,,,南宁,通辽,,,福州,哈尔滨,天水,,,,,,,,,深圳,合肥,
常德,上海,,,锦州,,,,上海,沈阳,深圳,济宁,,,,,,泸州,,,,,,,,,榆林,邯郸,,,,,沈阳,,,,,,,,舟山,,,杭州,,,拉萨,,,,广元,,,乌兰浩特,襄阳,,,,乌鲁木齐,,,,,,,,,,太原,,,,石家庄,武汉,,,淮安,合肥,沈阳,,,,,,,,,厦门,呼和浩特,
大同,太原,,,昆明,,,,铜仁,昆明,通辽,景德镇,,,,,,绵阳,,,,,,,,,天津,晋江,,,,,天津,,,,,,,,南宁,,,晋江,,,洛阳,,,,海口,,,徐州,珠海,,,,厦门,,,,,,,,,,深圳,,,,上海,南宁,,,桂林,兰州,上海,,,,,,,,,西双版纳,宁波,
大庆,温州,,,牡丹江,,,,无锡,青岛,乌鲁木齐,井冈山,,,,,,南京,,,,,,,,,,运城,,,,,北京,,,,,,,,石家庄,,,临沂,,,丽江,,,,淮安,,,厦门,重庆,,,,,,,,,,,,,,温州,,,,天津,上海,,,海拉尔,揭阳,唐山,,,,,,,,,重庆,临沂,
敦煌,西昌,,,邯郸,,,,兴义,厦门,徐州,武汉,,,,,,晋江,,,,,,,,,,武汉,,,,,常州,,,,,,,,西宁,,,南通,,,南京,,,,济宁,,,重庆,,,,,,,,,,,,,,,厦门,,,,武汉,乌兰浩特,,,揭阳,库车,无锡,,,,,,,,,,南宁,
恩施,沈阳,,,佳木斯,,,,运城,银川,,连云港,,,,,,青岛,,,,,,,,,,南宁,,,,,运城,,,,,,,,宜宾,,,怀化,,,南宁,,,,九江,,,,,,,,,,,,,,,,,,银川,,,,厦门,厦门,,,徐州,到,温州,,,,,,,,,,徐州,
佛山,延安,,,武汉,,,,珠海,徐州,,深圳,,,,,,上海,,,,,,,,,,珠海,,,,,珠海,,,,,,,,张家界,,,上海,,,三亚,,,,昆明,,,,,,,,,,,,,,,,,,重庆,,,,重庆,银川,,,柳州,南京,厦门,,,,,,,,,,深圳,
贵阳,郑州,,,临沂,,,,,,,齐齐哈尔,,,,,,太原,,,,,,,,,,上海,,,,,成都,,,,,,,,北京,,,珠海,,,深圳,,,,兰州,,,,,,,,,,,,,,,,,,,,,,,重庆,,,南通,武汉,延安,,,,,,,,,,天津,
杭州,厦门,,,宁波,,,,,,,海口,,,,,,温州,,,,,,,,,,呼和浩特,,,,,贵阳,,,,,,,,常德,,,昆明,,,太原,,,,洛阳,,,,,,,,,,,,,,,,,,,,,,,,,,上海,南宁,银川,,,,,,,,,,武汉,
黄岩,梧州,,,南宁,,,,,,,厦门,,,,,,西宁,,,,,,,,,,乌鲁木齐,,,,,邯郸,,,,,,,,丹东,,,无锡,,,乌鲁木齐,,,,梅县,,,,,,,,,,,,,,,,,,,,,,,,,,天津,沈阳,重庆,,,,,,,,,,厦门,
淮安,无锡,,,石家庄,,,,,,,丹东,,,,,,盐城,,,,,,,,,,深圳,,,,,南通,,,,,,,,成都,,,厦门,,,西双版纳,,,,南充,,,,,,,,,,,,,,,,,,,,,,,,,,无锡,西宁,张掖,,,,,,,,,,运城,
九寨沟,银川,,,深圳,,,,,,,贵阳,,,,,,郑州,,,,,,,,,,榆林,,,,,景德镇,,,,,,,,呼和浩特,,,金华,,,徐州,,,,常州,,,,,,,,,,,,,,,,,,,,,,,,,,西双版纳,银川,北京,,,,,,,,,,,
济南,通辽,,,徐州,,,,,,,邯郸,,,,,,天津,,,,,,,,,,重庆,,,,,丽江,,,,,,,,桂林,,,重庆,,,宜昌,,,,大同,,,,,,,,,,,,,,,,,,,,,,,,,,银川,石家庄,成都,,,,,,,,,,,
西双版纳,北京,,,温州,,,,,,,佳木斯,,,,,,,,,,,,,,,,,,,,,呼和浩特,,,,,,,,邯郸,,,,,,无锡,,,,三亚,,,,,,,,,,,,,,,,,,,,,,,,,,石家庄,,大同,,,,,,,,,,,
扬州,迪庆,,,厦门,,,,,,,西双版纳,,,,,,,,,,,,,,,,,,,,,南宁,,,,,,,,杭州,,,,,,张家界,,,,太原,,,,,,,,,,,,,,,,,,,,,,,,,,昆明,,桂林,,,,,,,,,,,
洛阳,长治,,,伊春,,,,,,,柳州,,,,,,,,,,,,,,,,,,,,,宁波,,,,,,,,井冈山,,,,,,湛江,,,,合肥,,,,,,,,,,,,,,,,,,,,,,,,,,,,敦煌,,,,,,,,,,,
拉萨,大同,,,舟山,,,,,,,榆林,,,,,,,,,,,,,,,,,,,,,上海,,,,,,,,洛阳,,,,,,北京,,,,威海,,,,,,,,,,,,,,,,,,,,,,,,,,,,广州,,,,,,,,,,,
绵阳,杭州,,,,,,,,,,南宁,,,,,,,,,,,,,,,,,,,,,舟山,,,,,,,,连云港,,,,,,长沙,,,,武汉,,,,,,,,,,,,,,,,,,,,,,,,,,,,海拉尔,,,,,,,,,,,
南充,晋江,,,,,,,,,,烟台,,,,,,,,,,,,,,,,,,,,,乌鲁木齐,,,,,,,,南充,,,,,,常州,,,,西宁,,,,,,,,,,,,,,,,,,,,,,,,,,,,合肥,,,,,,,,,,,
南宁,桂林,,,,,,,,,,石家庄,,,,,,,,,,,,,,,,,,,,,徐州,,,,,,,,柳州,,,,,,大连,,,,延安,,,,,,,,,,,,,,,,,,,,,,,,,,,,黄山,,,,,,,,,,,
张家界,邯郸,,,,,,,,,,延边,,,,,,,,,,,,,,,,,,,,,银川,,,,,,,,南京,,,,,,福州,,,,银川,,,,,,,,,,,,,,,,,,,,,,,,,,,,揭阳,,,,,,,,,,,
威海,林芝,,,,,,,,,,威海,,,,,,,,,,,,,,,,,,,,,武夷山,,,,,,,,上海,,,,,,广州,,,,徐州,,,,,,,,,,,,,,,,,,,,,,,,,,,,九寨沟,,,,,,,,,,,
乌兰浩特,揭阳,,,,,,,,,,延安,,,,,,,,,,,,,,,,,,,,,柳州,,,,,,,,天津,,,,,,桂林,,,,宜宾,,,,,,,,,,,,,,,,,,,,,,,,,,,,丽江,,,,,,,,,,,
厦门,呼和浩特,,,,,,,,,,襄阳,,,,,,,,,,,,,,,,,,,,,石家庄,,,,,,,,无锡,,,,,,黄山,,,,乌海,,,,,,,,,,,,,,,,,,,,,,,,,,,,柳州,,,,,,,,,,,
西宁,丽江,,,,,,,,,,锡林浩特,,,,,,,,,,,,,,,,,,,,,,,,,,,,,运城,,,,,,济南,,,,沈阳,,,,,,,,,,,,,,,,,,,,,,,,,,,,宁波,,,,,,,,,,,
太原,柳州,,,,,,,,,,临沂,,,,,,,,,,,,,,,,,,,,,,,,,,,,,徐州,,,,,,井冈山,,,,天津,,,,,,,,,,,,,,,,,,,,,,,,,,,,南宁,,,,,,,,,,,
包头,南宁,,,,,,,,,,南昌,,,,,,,,,,,,,,,,,,,,,,,,,,,,,南通,,,,,,景德镇,,,,南通,,,,,,,,,,,,,,,,,,,,,,,,,,,,玉树,,,,,,,,,,,
揭阳,九寨沟,,,,,,,,,,成都,,,,,,,,,,,,,,,,,,,,,,,,,,,,,武汉,,,,,,喀什,,,,临沂,,,,,,,,,,,,,,,,,,,,,,,,,,,,石家庄,,,,,,,,,,,
漠河,上海,,,,,,,,,,常德,,,,,,,,,,,,,,,,,,,,,,,,,,,,,厦门,,,,,,林芝,,,,晋江,,,,,,,,,,,,,,,,,,,,,,,,,,,,上海,,,,,,,,,,,
沈阳,腾冲,,,,,,,,,,东营,,,,,,,,,,,,,,,,,,,,,,,,,,,,,宜昌,,,,,,拉萨,,,,张家界,,,,,,,,,,,,,,,,,,,,,,,,,,,,天津,,,,,,,,,,,
齐齐哈尔,乌鲁木齐,,,,,,,,,,包头,,,,,,,,,,,,,,,,,,,,,,,,,,,,,郑州,,,,,,洛阳,,,,北京,,,,,,,,,,,,,,,,,,,,,,,,,,,,武汉,,,,,,,,,,,
深圳,西宁,,,,,,,,,,温州,,,,,,,,,,,,,,,,,,,,,,,,,,,,,,,,,,,丽江,,,,宁波,,,,,,,,,,,,,,,,,,,,,,,,,,,,乌海,,,,,,,,,,,
乌鲁木齐,石家庄,,,,,,,,,,合肥,,,,,,,,,,,,,,,,,,,,,,,,,,,,,,,,,,,南京,,,,北海,,,,,,,,,,,,,,,,,,,,,,,,,,,,襄阳,,,,,,,,,,,
襄阳,宜昌,,,,,,,,,,天津,,,,,,,,,,,,,,,,,,,,,,,,,,,,,,,,,,,南宁,,,,长治,,,,,,,,,,,,,,,,,,,,,,,,,,,,伊宁,,,,,,,,,,,
榆林,珠海,,,,,,,,,,兰州,,,,,,,,,,,,,,,,,,,,,,,,,,,,,,,,,,,三亚,,,,大连,,,,,,,,,,,,,,,,,,,,,,,,,,,,榆林,,,,,,,,,,,
宜昌,襄阳,,,,,,,,,,揭阳,,,,,,,,,,,,,,,,,,,,,,,,,,,,,,,,,,,深圳,,,,齐齐哈尔,,,,,,,,,,,,,,,,,,,,,,,,,,,,珠海,,,,,,,,,,,
舟山,武汉,,,,,,,,,,九寨沟,,,,,,,,,,,,,,,,,,,,,,,,,,,,,,,,,,,太原,,,,青岛,,,,,,,,,,,,,,,,,,,,,,,,,,,,郑州,,,,,,,,,,,
合肥,天津,,,,,,,,,,万州,,,,,,,,,,,,,,,,,,,,,,,,,,,,,,,,,,,乌鲁木齐,,,,贵阳,,,,,,,,,,,,,,,,,,,,,,,,,,,,,,,,,,,,,,,
黄山,运城,,,,,,,,,,拉萨,,,,,,,,,,,,,,,,,,,,,,,,,,,,,,,,,,,西双版纳,,,,邯郸,,,,,,,,,,,,,,,,,,,,,,,,,,,,,,,,,,,,,,,
长沙,,,,,,,,,,,沈阳,,,,,,,,,,,,,,,,,,,,,,,,,,,,,,,,,,,徐州,,,,黄山,,,,,,,,,,,,,,,,,,,,,,,,,,,,,,,,,,,,,,,
常州,,,,,,,,,,,秦皇岛,,,,,,,,,,,,,,,,,,,,,,,,,,,,,,,,,,,宜昌,,,,佳木斯,,,,,,,,,,,,,,,,,,,,,,,,,,,,,,,,,,,,,,,
赣州,,,,,,,,,,,西安,,,,,,,,,,,,,,,,,,,,,,,,,,,,,,,,,,,无锡,,,,九寨沟,,,,,,,,,,,,,,,,,,,,,,,,,,,,,,,,,,,,,,,
东营,,,,,,,,,,,长春,,,,,,,,,,,,,,,,,,,,,,,,,,,,,,,,,,,张家界,,,,桂林,,,,,,,,,,,,,,,,,,,,,,,,,,,,,,,,,,,,,,,
丹东,,,,,,,,,,,桂林,,,,,,,,,,,,,,,,,,,,,,,,,,,,,,,,,,,湛江,,,,丽江,,,,,,,,,,,,,,,,,,,,,,,,,,,,,,,,,,,,,,,
鄂尔多斯,,,,,,,,,,,黄岩,,,,,,,,,,,,,,,,,,,,,,,,,,,,,,,,,,,,,,,牡丹江,,,,,,,,,,,,,,,,,,,,,,,,,,,,,,,,,,,,,,,
景德镇,,,,,,,,,,,郑州,,,,,,,,,,,,,,,,,,,,,,,,,,,,,,,,,,,,,,,绵阳,,,,,,,,,,,,,,,,,,,,,,,,,,,,,,,,,,,,,,,
桂林,,,,,,,,,,,西宁,,,,,,,,,,,,,,,,,,,,,,,,,,,,,,,,,,,,,,,南京,,,,,,,,,,,,,,,,,,,,,,,,,,,,,,,,,,,,,,,
海拉尔,,,,,,,,,,,黄岩,,,,,,,,,,,,,,,,,,,,,,,,,,,,,,,,,,,,,,,成都,,,,,,,,,,,,,,,,,,,,,,,,,,,,,,,,,,,,,,,
呼和浩特,,,,,,,,,,,运城,,,,,,,,,,,,,,,,,,,,,,,,,,,,,,,,,,,,,,,迪庆,,,,,,,,,,,,,,,,,,,,,,,,,,,,,,,,,,,,,,,
黑河,,,,,,,,,,,北海,,,,,,,,,,,,,,,,,,,,,,,,,,,,,,,,,,,,,,,上海,,,,,,,,,,,,,,,,,,,,,,,,,,,,,,,,,,,,,,,
丽江,,,,,,,,,,,银川,,,,,,,,,,,,,,,,,,,,,,,,,,,,,,,,,,,,,,,唐山,,,,,,,,,,,,,,,,,,,,,,,,,,,,,,,,,,,,,,,
济宁,,,,,,,,,,,湛江,,,,,,,,,,,,,,,,,,,,,,,,,,,,,,,,,,,,,,,呼和浩特,,,,,,,,,,,,,,,,,,,,,,,,,,,,,,,,,,,,,,,
西昌,,,,,,,,,,,宜昌,,,,,,,,,,,,,,,,,,,,,,,,,,,,,,,,,,,,,,,潍坊,,,,,,,,,,,,,,,,,,,,,,,,,,,,,,,,,,,,,,,
延安,,,,,,,,,,,张家界,,,,,,,,,,,,,,,,,,,,,,,,,,,,,,,,,,,,,,,武夷山,,,,,,,,,,,,,,,,,,,,,,,,,,,,,,,,,,,,,,,
柳州,,,,,,,,,,,宜宾,,,,,,,,,,,,,,,,,,,,,,,,,,,,,,,,,,,,,,,厦门,,,,,,,,,,,,,,,,,,,,,,,,,,,,,,,,,,,,,,,
郑州,,,,,,,,,,,腾冲,,,,,,,,,,,,,,,,,,,,,,,,,,,,,,,,,,,,,,,延边,,,,,,,,,,,,,,,,,,,,,,,,,,,,,,,,,,,,,,,
牡丹江,,,,,,,,,,,珠海,,,,,,,,,,,,,,,,,,,,,,,,,,,,,,,,,,,,,,,运城,,,,,,,,,,,,,,,,,,,,,,,,,,,,,,,,,,,,,,,
温州,,,,,,,,,,,北京,,,,,,,,,,,,,,,,,,,,,,,,,,,,,,,,,,,,,,,舟山,,,,,,,,,,,,,,,,,,,,,,,,,,,,,,,,,,,,,,,
银川,,,,,,,,,,,常德,,,,,,,,,,,,,,,,,,,,,,,,,,,,,,,,,,,,,,,宜昌,,,,,,,,,,,,,,,,,,,,,,,,,,,,,,,,,,,,,,,
珠海,,,,,,,,,,,迪庆,,,,,,,,,,,,,,,,,,,,,,,,,,,,,,,,,,,,,,,乌鲁木齐,,,,,,,,,,,,,,,,,,,,,,,,,,,,,,,,,,,,,,,
武夷山,,,,,,,,,,,成都,,,,,,,,,,,,,,,,,,,,,,,,,,,,,,,,,,,,,,,石家庄,,,,,,,,,,,,,,,,,,,,,,,,,,,,,,,,,,,,,,,
潍坊,,,,,,,,,,,宁波,,,,,,,,,,,,,,,,,,,,,,,,,,,,,,,,,,,,,,,重庆,,,,,,,,,,,,,,,,,,,,,,,,,,,,,,,,,,,,,,,
西安,,,,,,,,,,,桂林,,,,,,,,,,,,,,,,,,,,,,,,,,,,,,,,,,,,,,,南阳,,,,,,,,,,,,,,,,,,,,,,,,,,,,,,,,,,,,,,,
徐州,,,,,,,,,,,杭州,,,,,,,,,,,,,,,,,,,,,,,,,,,,,,,,,,,,,,,柳州,,,,,,,,,,,,,,,,,,,,,,,,,,,,,,,,,,,,,,,
安庆,,,,,,,,,,,怀化,,,,,,,,,,,,,,,,,,,,,,,,,,,,,,,,,,,,,,,井冈山,,,,,,,,,,,,,,,,,,,,,,,,,,,,,,,,,,,,,,,
怀化,,,,,,,,,,,临沂,,,,,,,,,,,,,,,,,,,,,,,,,,,,,,,,,,,,,,,郑州,,,,,,,,,,,,,,,,,,,,,,,,,,,,,,,,,,,,,,,
井冈山,,,,,,,,,,,石家庄,,,,,,,,,,,,,,,,,,,,,,,,,,,,,,,,,,,,,,,,,,,,,,,,,,,,,,,,,,,,,,,,,,,,,,,,,,,,,,
临沂,,,,,,,,,,,武汉,,,,,,,,,,,,,,,,,,,,,,,,,,,,,,,,,,,,,,,,,,,,,,,,,,,,,,,,,,,,,,,,,,,,,,,,,,,,,,
南通,,,,,,,,,,,徐州,,,,,,,,,,,,,,,,,,,,,,,,,,,,,,,,,,,,,,,,,,,,,,,,,,,,,,,,,,,,,,,,,,,,,,,,,,,,,,
泉州,,,,,,,,,,,银川,,,,,,,,,,,,,,,,,,,,,,,,,,,,,,,,,,,,,,,,,,,,,,,,,,,,,,,,,,,,,,,,,,,,,,,,,,,,,,
三亚,,,,,,,,,,,揭阳,,,,,,,,,,,,,,,,,,,,,,,,,,,,,,,,,,,,,,,,,,,,,,,,,,,,,,,,,,,,,,,,,,,,,,,,,,,,,,
乌海,,,,,,,,,,,丽江,,,,,,,,,,,,,,,,,,,,,,,,,,,,,,,,,,,,,,,,,,,,,,,,,,,,,,,,,,,,,,,,,,,,,,,,,,,,,,
运城,,,,,,,,,,,洛阳,,,,,,,,,,,,,,,,,,,,,,,,,,,,,,,,,,,,,,,,,,,,,,,,,,,,,,,,,,,,,,,,,,,,,,,,,,,,,,
宜宾,,,,,,,,,,,榆林,,,,,,,,,,,,,,,,,,,,,,,,,,,,,,,,,,,,,,,,,,,,,,,,,,,,,,,,,,,,,,,,,,,,,,,,,,,,,,
金华,,,,,,,,,,,南宁,,,,,,,,,,,,,,,,,,,,,,,,,,,,,,,,,,,,,,,,,,,,,,,,,,,,,,,,,,,,,,,,,,,,,,,,,,,,,,
湛江,,,,,,,,,,,九寨沟,,,,,,,,,,,,,,,,,,,,,,,,,,,,,,,,,,,,,,,,,,,,,,,,,,,,,,,,,,,,,,,,,,,,,,,,,,,,,,
,,,,,,,,,,,珠海,,,,,,,,,,,,,,,,,,,,,,,,,,,,,,,,,,,,,,,,,,,,,,,,,,,,,,,,,,,,,,,,,,,,,,,,,,,,,,
,,,,,,,,,,,上海,,,,,,,,,,,,,,,,,,,,,,,,,,,,,,,,,,,,,,,,,,,,,,,,,,,,,,,,,,,,,,,,,,,,,,,,,,,,,,
,,,,,,,,,,,唐山,,,,,,,,,,,,,,,,,,,,,,,,,,,,,,,,,,,,,,,,,,,,,,,,,,,,,,,,,,,,,,,,,,,,,,,,,,,,,,
,,,,,,,,,,,文山,,,,,,,,,,,,,,,,,,,,,,,,,,,,,,,,,,,,,,,,,,,,,,,,,,,,,,,,,,,,,,,,,,,,,,,,,,,,,,
,,,,,,,,,,,西双版纳,,,,,,,,,,,,,,,,,,,,,,,,,,,,,,,,,,,,,,,,,,,,,,,,,,,,,,,,,,,,,,,,,,,,,,,,,,,,,,
,,,,,,,,,,,宜宾,,,,,,,,,,,,,,,,,,,,,,,,,,,,,,,,,,,,,,,,,,,,,,,,,,,,,,,,,,,,,,,,,,,,,,,,,,,,,,
,,,,,,,,,,,重庆,,,,,,,,,,,,,,,,,,,,,,,,,,,,,,,,,,,,,,,,,,,,,,,,,,,,,,,,,,,,,,,,,,,,,,,,,,,,,,
,,,,,,,,,,,包头,,,,,,,,,,,,,,,,,,,,,,,,,,,,,,,,,,,,,,,,,,,,,,,,,,,,,,,,,,,,,,,,,,,,,,,,,,,,,,
,,,,,,,,,,,长白山,,,,,,,,,,,,,,,,,,,,,,,,,,,,,,,,,,,,,,,,,,,,,,,,,,,,,,,,,,,,,,,,,,,,,,,,,,,,,,
,,,,,,,,,,,达州,,,,,,,,,,,,,,,,,,,,,,,,,,,,,,,,,,,,,,,,,,,,,,,,,,,,,,,,,,,,,,,,,,,,,,,,,,,,,,
,,,,,,,,,,,东营,,,,,,,,,,,,,,,,,,,,,,,,,,,,,,,,,,,,,,,,,,,,,,,,,,,,,,,,,,,,,,,,,,,,,,,,,,,,,,
,,,,,,,,,,,鄂尔多斯,,,,,,,,,,,,,,,,,,,,,,,,,,,,,,,,,,,,,,,,,,,,,,,,,,,,,,,,,,,,,,,,,,,,,,,,,,,,,,
,,,,,,,,,,,福州,,,,,,,,,,,,,,,,,,,,,,,,,,,,,,,,,,,,,,,,,,,,,,,,,,,,,,,,,,,,,,,,,,,,,,,,,,,,,,
,,,,,,,,,,,广州,,,,,,,,,,,,,,,,,,,,,,,,,,,,,,,,,,,,,,,,,,,,,,,,,,,,,,,,,,,,,,,,,,,,,,,,,,,,,,
,,,,,,,,,,,哈尔滨,,,,,,,,,,,,,,,,,,,,,,,,,,,,,,,,,,,,,,,,,,,,,,,,,,,,,,,,,,,,,,,,,,,,,,,,,,,,,,
,,,,,,,,,,,呼和浩特,,,,,,,,,,,,,,,,,,,,,,,,,,,,,,,,,,,,,,,,,,,,,,,,,,,,,,,,,,,,,,,,,,,,,,,,,,,,,,
,,,,,,,,,,,济南,,,,,,,,,,,,,,,,,,,,,,,,,,,,,,,,,,,,,,,,,,,,,,,,,,,,,,,,,,,,,,,,,,,,,,,,,,,,,,
,,,,,,,,,,,晋江,,,,,,,,,,,,,,,,,,,,,,,,,,,,,,,,,,,,,,,,,,,,,,,,,,,,,,,,,,,,,,,,,,,,,,,,,,,,,,
,,,,,,,,,,,喀什,,,,,,,,,,,,,,,,,,,,,,,,,,,,,,,,,,,,,,,,,,,,,,,,,,,,,,,,,,,,,,,,,,,,,,,,,,,,,,
,,,,,,,,,,,拉萨,,,,,,,,,,,,,,,,,,,,,,,,,,,,,,,,,,,,,,,,,,,,,,,,,,,,,,,,,,,,,,,,,,,,,,,,,,,,,,
,,,,,,,,,,,绵阳,,,,,,,,,,,,,,,,,,,,,,,,,,,,,,,,,,,,,,,,,,,,,,,,,,,,,,,,,,,,,,,,,,,,,,,,,,,,,,
,,,,,,,,,,,南昌,,,,,,,,,,,,,,,,,,,,,,,,,,,,,,,,,,,,,,,,,,,,,,,,,,,,,,,,,,,,,,,,,,,,,,,,,,,,,,
,,,,,,,,,,,齐齐哈尔,,,,,,,,,,,,,,,,,,,,,,,,,,,,,,,,,,,,,,,,,,,,,,,,,,,,,,,,,,,,,,,,,,,,,,,,,,,,,,
,,,,,,,,,,,温州,,,,,,,,,,,,,,,,,,,,,,,,,,,,,,,,,,,,,,,,,,,,,,,,,,,,,,,,,,,,,,,,,,,,,,,,,,,,,,
,,,,,,,,,,,襄阳,,,,,,,,,,,,,,,,,,,,,,,,,,,,,,,,,,,,,,,,,,,,,,,,,,,,,,,,,,,,,,,,,,,,,,,,,,,,,,
,,,,,,,,,,,盐城,,,,,,,,,,,,,,,,,,,,,,,,,,,,,,,,,,,,,,,,,,,,,,,,,,,,,,,,,,,,,,,,,,,,,,,,,,,,,,
,,,,,,,,,,,榆林,,,,,,,,,,,,,,,,,,,,,,,,,,,,,,,,,,,,,,,,,,,,,,,,,,,,,,,,,,,,,,,,,,,,,,,,,,,,,,
,,,,,,,,,,,重庆,,,,,,,,,,,,,,,,,,,,,,,,,,,,,,,,,,,,,,,,,,,,,,,,,,,,,,,,,,,,,,,,,,,,,,,,,,,,,,
,,,,,,,,,,,三亚,,,,,,,,,,,,,,,,,,,,,,,,,,,,,,,,,,,,,,,,,,,,,,,,,,,,,,,,,,,,,,,,,,,,,,,,,,,,,,
,,,,,,,,,,,太原,,,,,,,,,,,,,,,,,,,,,,,,,,,,,,,,,,,,,,,,,,,,,,,,,,,,,,,,,,,,,,,,,,,,,,,,,,,,,,
,,,,,,,,,,,万州,,,,,,,,,,,,,,,,,,,,,,,,,,,,,,,,,,,,,,,,,,,,,,,,,,,,,,,,,,,,,,,,,,,,,,,,,,,,,,
,,,,,,,,,,,西安,,,,,,,,,,,,,,,,,,,,,,,,,,,,,,,,,,,,,,,,,,,,,,,,,,,,,,,,,,,,,,,,,,,,,,,,,,,,,,
,,,,,,,,,,,烟台,,,,,,,,,,,,,,,,,,,,,,,,,,,,,,,,,,,,,,,,,,,,,,,,,,,,,,,,,,,,,,,,,,,,,,,,,,,,,,
,,,,,,,,,,,宜宾,,,,,,,,,,,,,,,,,,,,,,,,,,,,,,,,,,,,,,,,,,,,,,,,,,,,,,,,,,,,,,,,,,,,,,,,,,,,,,
,,,,,,,,,,,湛江,,,,,,,,,,,,,,,,,,,,,,,,,,,,,,,,,,,,,,,,,,,,,,,,,,,,,,,,,,,,,,,,,,,,,,,,,,,,,,
,,,,,,,,,,,北海,,,,,,,,,,,,,,,,,,,,,,,,,,,,,,,,,,,,,,,,,,,,,,,,,,,,,,,,,,,,,,,,,,,,,,,,,,,,,,
,,,,,,,,,,,长春,,,,,,,,,,,,,,,,,,,,,,,,,,,,,,,,,,,,,,,,,,,,,,,,,,,,,,,,,,,,,,,,,,,,,,,,,,,,,,
,,,,,,,,,,,大连,,,,,,,,,,,,,,,,,,,,,,,,,,,,,,,,,,,,,,,,,,,,,,,,,,,,,,,,,,,,,,,,,,,,,,,,,,,,,,
,,,,,,,,,,,敦煌,,,,,,,,,,,,,,,,,,,,,,,,,,,,,,,,,,,,,,,,,,,,,,,,,,,,,,,,,,,,,,,,,,,,,,,,,,,,,,
,,,,,,,,,,,成都,,,,,,,,,,,,,,,,,,,,,,,,,,,,,,,,,,,,,,,,,,,,,,,,,,,,,,,,,,,,,,,,,,,,,,,,,,,,,,
,,,,,,,,,,,大同,,,,,,,,,,,,,,,,,,,,,,,,,,,,,,,,,,,,,,,,,,,,,,,,,,,,,,,,,,,,,,,,,,,,,,,,,,,,,,
,,,,,,,,,,,贵阳,,,,,,,,,,,,,,,,,,,,,,,,,,,,,,,,,,,,,,,,,,,,,,,,,,,,,,,,,,,,,,,,,,,,,,,,,,,,,,
,,,,,,,,,,,海口,,,,,,,,,,,,,,,,,,,,,,,,,,,,,,,,,,,,,,,,,,,,,,,,,,,,,,,,,,,,,,,,,,,,,,,,,,,,,,
,,,,,,,,,,,淮安,,,,,,,,,,,,,,,,,,,,,,,,,,,,,,,,,,,,,,,,,,,,,,,,,,,,,,,,,,,,,,,,,,,,,,,,,,,,,,
,,,,,,,,,,,佳木斯,,,,,,,,,,,,,,,,,,,,,,,,,,,,,,,,,,,,,,,,,,,,,,,,,,,,,,,,,,,,,,,,,,,,,,,,,,,,,,
,,,,,,,,,,,九江,,,,,,,,,,,,,,,,,,,,,,,,,,,,,,,,,,,,,,,,,,,,,,,,,,,,,,,,,,,,,,,,,,,,,,,,,,,,,,
,,,,,,,,,,,昆明,,,,,,,,,,,,,,,,,,,,,,,,,,,,,,,,,,,,,,,,,,,,,,,,,,,,,,,,,,,,,,,,,,,,,,,,,,,,,,
,,,,,,,,,,,兰州,,,,,,,,,,,,,,,,,,,,,,,,,,,,,,,,,,,,,,,,,,,,,,,,,,,,,,,,,,,,,,,,,,,,,,,,,,,,,,
,,,,,,,,,,,牡丹江,,,,,,,,,,,,,,,,,,,,,,,,,,,,,,,,,,,,,,,,,,,,,,,,,,,,,,,,,,,,,,,,,,,,,,,,,,,,,,
,,,,,,,,,,,南充,,,,,,,,,,,,,,,,,,,,,,,,,,,,,,,,,,,,,,,,,,,,,,,,,,,,,,,,,,,,,,,,,,,,,,,,,,,,,,
,,,,,,,,,,,秦皇岛,,,,,,,,,,,,,,,,,,,,,,,,,,,,,,,,,,,,,,,,,,,,,,,,,,,,,,,,,,,,,,,,,,,,,,,,,,,,,,
,,,,,,,,,,,乌鲁木齐,,,,,,,,,,,,,,,,,,,,,,,,,,,,,,,,,,,,,,,,,,,,,,,,,,,,,,,,,,,,,,,,,,,,,,,,,,,,,,
,,,,,,,,,,,揭阳,,,,,,,,,,,,,,,,,,,,,,,,,,,,,,,,,,,,,,,,,,,,,,,,,,,,,,,,,,,,,,,,,,,,,,,,,,,,,,
,,,,,,,,,,,伊春,,,,,,,,,,,,,,,,,,,,,,,,,,,,,,,,,,,,,,,,,,,,,,,,,,,,,,,,,,,,,,,,,,,,,,,,,,,,,,
,,,,,,,,,,,运城,,,,,,,,,,,,,,,,,,,,,,,,,,,,,,,,,,,,,,,,,,,,,,,,,,,,,,,,,,,,,,,,,,,,,,,,,,,,,,
,,,,,,,,,,,舟山,,,,,,,,,,,,,,,,,,,,,,,,,,,,,,,,,,,,,,,,,,,,,,,,,,,,,,,,,,,,,,,,,,,,,,,,,,,,,,
,,,,,,,,,,,深圳,,,,,,,,,,,,,,,,,,,,,,,,,,,,,,,,,,,,,,,,,,,,,,,,,,,,,,,,,,,,,,,,,,,,,,,,,,,,,,
,,,,,,,,,,,唐山,,,,,,,,,,,,,,,,,,,,,,,,,,,,,,,,,,,,,,,,,,,,,,,,,,,,,,,,,,,,,,,,,,,,,,,,,,,,,,
,,,,,,,,,,,威海,,,,,,,,,,,,,,,,,,,,,,,,,,,,,,,,,,,,,,,,,,,,,,,,,,,,,,,,,,,,,,,,,,,,,,,,,,,,,,
,,,,,,,,,,,西宁,,,,,,,,,,,,,,,,,,,,,,,,,,,,,,,,,,,,,,,,,,,,,,,,,,,,,,,,,,,,,,,,,,,,,,,,,,,,,,
,,,,,,,,,,,延安,,,,,,,,,,,,,,,,,,,,,,,,,,,,,,,,,,,,,,,,,,,,,,,,,,,,,,,,,,,,,,,,,,,,,,,,,,,,,,
,,,,,,,,,,,宜昌,,,,,,,,,,,,,,,,,,,,,,,,,,,,,,,,,,,,,,,,,,,,,,,,,,,,,,,,,,,,,,,,,,,,,,,,,,,,,,
,,,,,,,,,,,张家界,,,,,,,,,,,,,,,,,,,,,,,,,,,,,,,,,,,,,,,,,,,,,,,,,,,,,,,,,,,,,,,,,,,,,,,,,,,,,,
,,,,,,,,,,,北京,,,,,,,,,,,,,,,,,,,,,,,,,,,,,,,,,,,,,,,,,,,,,,,,,,,,,,,,,,,,,,,,,,,,,,,,,,,,,,
,,,,,,,,,,,长沙,,,,,,,,,,,,,,,,,,,,,,,,,,,,,,,,,,,,,,,,,,,,,,,,,,,,,,,,,,,,,,,,,,,,,,,,,,,,,,
,,,,,,,,,,,大庆,,,,,,,,,,,,,,,,,,,,,,,,,,,,,,,,,,,,,,,,,,,,,,,,,,,,,,,,,,,,,,,,,,,,,,,,,,,,,,
,,,,,,,,,,,邯郸,,,,,,,,,,,,,,,,,,,,,,,,,,,,,,,,,,,,,,,,,,,,,,,,,,,,,,,,,,,,,,,,,,,,,,,,,,,,,,
,,,,,,,,,,,赤峰,,,,,,,,,,,,,,,,,,,,,,,,,,,,,,,,,,,,,,,,,,,,,,,,,,,,,,,,,,,,,,,,,,,,,,,,,,,,,,
,,,,,,,,,,,丹东,,,,,,,,,,,,,,,,,,,,,,,,,,,,,,,,,,,,,,,,,,,,,,,,,,,,,,,,,,,,,,,,,,,,,,,,,,,,,,
,,,,,,,,,,,桂林,,,,,,,,,,,,,,,,,,,,,,,,,,,,,,,,,,,,,,,,,,,,,,,,,,,,,,,,,,,,,,,,,,,,,,,,,,,,,,
,,,,,,,,,,,海拉尔,,,,,,,,,,,,,,,,,,,,,,,,,,,,,,,,,,,,,,,,,,,,,,,,,,,,,,,,,,,,,,,,,,,,,,,,,,,,,,
,,,,,,,,,,,通辽,,,,,,,,,,,,,,,,,,,,,,,,,,,,,,,,,,,,,,,,,,,,,,,,,,,,,,,,,,,,,,,,,,,,,,,,,,,,,,
,,,,,,,,,,,嘉峪关,,,,,,,,,,,,,,,,,,,,,,,,,,,,,,,,,,,,,,,,,,,,,,,,,,,,,,,,,,,,,,,,,,,,,,,,,,,,,,
,,,,,,,,,,,九寨沟,,,,,,,,,,,,,,,,,,,,,,,,,,,,,,,,,,,,,,,,,,,,,,,,,,,,,,,,,,,,,,,,,,,,,,,,,,,,,,
,,,,,,,,,,,泸州,,,,,,,,,,,,,,,,,,,,,,,,,,,,,,,,,,,,,,,,,,,,,,,,,,,,,,,,,,,,,,,,,,,,,,,,,,,,,,
,,,,,,,,,,,柳州,,,,,,,,,,,,,,,,,,,,,,,,,,,,,,,,,,,,,,,,,,,,,,,,,,,,,,,,,,,,,,,,,,,,,,,,,,,,,,
,,,,,,,,,,,南宁,,,,,,,,,,,,,,,,,,,,,,,,,,,,,,,,,,,,,,,,,,,,,,,,,,,,,,,,,,,,,,,,,,,,,,,,,,,,,,
,,,,,,,,,,,南京,,,,,,,,,,,,,,,,,,,,,,,,,,,,,,,,,,,,,,,,,,,,,,,,,,,,,,,,,,,,,,,,,,,,,,,,,,,,,,
,,,,,,,,,,,青岛,,,,,,,,,,,,,,,,,,,,,,,,,,,,,,,,,,,,,,,,,,,,,,,,,,,,,,,,,,,,,,,,,,,,,,,,,,,,,,
,,,,,,,,,,,武汉,,,,,,,,,,,,,,,,,,,,,,,,,,,,,,,,,,,,,,,,,,,,,,,,,,,,,,,,,,,,,,,,,,,,,,,,,,,,,,
,,,,,,,,,,,锦州,,,,,,,,,,,,,,,,,,,,,,,,,,,,,,,,,,,,,,,,,,,,,,,,,,,,,,,,,,,,,,,,,,,,,,,,,,,,,,
,,,,,,,,,,,伊宁,,,,,,,,,,,,,,,,,,,,,,,,,,,,,,,,,,,,,,,,,,,,,,,,,,,,,,,,,,,,,,,,,,,,,,,,,,,,,,
,,,,,,,,,,,石家庄,,,,,,,,,,,,,,,,,,,,,,,,,,,,,,,,,,,,,,,,,,,,,,,,,,,,,,,,,,,,,,,,,,,,,,,,,,,,,,
,,,,,,,,,,,珠海,,,,,,,,,,,,,,,,,,,,,,,,,,,,,,,,,,,,,,,,,,,,,,,,,,,,,,,,,,,,,,,,,,,,,,,,,,,,,,
,,,,,,,,,,,沈阳,,,,,,,,,,,,,,,,,,,,,,,,,,,,,,,,,,,,,,,,,,,,,,,,,,,,,,,,,,,,,,,,,,,,,,,,,,,,,,
,,,,,,,,,,,天津,,,,,,,,,,,,,,,,,,,,,,,,,,,,,,,,,,,,,,,,,,,,,,,,,,,,,,,,,,,,,,,,,,,,,,,,,,,,,,
,,,,,,,,,,,潍坊,,,,,,,,,,,,,,,,,,,,,,,,,,,,,,,,,,,,,,,,,,,,,,,,,,,,,,,,,,,,,,,,,,,,,,,,,,,,,,
,,,,,,,,,,,厦门,,,,,,,,,,,,,,,,,,,,,,,,,,,,,,,,,,,,,,,,,,,,,,,,,,,,,,,,,,,,,,,,,,,,,,,,,,,,,,
,,,,,,,,,,,延边,,,,,,,,,,,,,,,,,,,,,,,,,,,,,,,,,,,,,,,,,,,,,,,,,,,,,,,,,,,,,,,,,,,,,,,,,,,,,,
,,,,,,,,,,,银川,,,,,,,,,,,,,,,,,,,,,,,,,,,,,,,,,,,,,,,,,,,,,,,,,,,,,,,,,,,,,,,,,,,,,,,,,,,,,,
,,,,,,,,,,,郑州,,,,,,,,,,,,,,,,,,,,,,,,,,,,,,,,,,,,,,,,,,,,,,,,,,,,,,,,,,,,,,,,,,,,,,,,,,,,,,